{"cameraMode":{"drawMode":0,"name":"Shaded","section":"Shading Mode"},"sceneLighting":true,"audioPlay":false,"sceneViewState":{"showFog":true,"showMaterialUpdate":false,"showSkybox":true,"showFlares":true,"showImageEffects":true,"showParticleSystems":true},"in2DMode":false,"pivot":{"x":2.7170863151550295,"y":-0.8027422428131104,"z":3.7232680320739748},"rotation":{"x":-0.1556033343076706,"y":0.03021801821887493,"z":-0.004768430721014738,"w":-0.9873605370521545},"size":8.973543167114258,"orthographic":false}